{
    "root": [
        0.0011677201837301254,
        -0.36684083938598633,
        0.012669073417782784
    ],
    "pelvis": [
        0.057311415672302246,
        -0.46138253808021545,
        -0.01080547459423542
    ],
    "left_hip": [
        -0.056701935827732086,
        -0.47200772166252136,
        -0.0038897618651390076
    ],
    "right_hip": [
        -0.00016841432079672813,
        -0.25642406940460205,
        -0.025255611166357994
    ],
    "spine1": [
        0.1245405524969101,
        -0.8582507967948914,
        -0.017459843307733536
    ],
    "left_knee": [
        -0.10742873698472977,
        -0.851828932762146,
        -0.018341369926929474
    ],
    "right_knee": [
        0.010040821507573128,
        -0.10545279085636139,
        -0.020813267678022385
    ],
    "spine2": [
        0.07894662767648697,
        -1.2795366048812866,
        -0.05860627070069313
    ],
    "left_ankle": [
        -0.09027385711669922,
        -1.286740779876709,
        -0.05827895179390907
    ],
    "right_ankle": [
        0.001048843376338482,
        -0.04760591685771942,
        0.001856427639722824
    ],
    "spine3": [
        0.12325552105903625,
        -1.3402721881866455,
        0.07655036449432373
    ],
    "left_foot": [
        -0.12571798264980316,
        -1.3464107513427734,
        0.08353389799594879
    ],
    "right_foot": [
        -0.008533559739589691,
        0.11841501295566559,
        -0.025383975356817245
    ],
    "neck": [
        0.04346946254372597,
        0.02867145836353302,
        -0.0033984817564487457
    ],
    "left_collar": [
        -0.04502806067466736,
        0.02921035885810852,
        -0.006672579795122147
    ],
    "right_collar": [
        0.01436995342373848,
        0.27913469076156616,
        -0.002444187179207802
    ],
    "head": [
        0.18441511690616608,
        0.0890883207321167,
        -0.01829751580953598
    ],
    "left_shoulder": [
        -0.17538337409496307,
        0.08805958926677704,
        -0.019258860498666763
    ],
    "right_shoulder": [
        0.43916380405426025,
        0.012922734022140503,
        -0.06378978490829468
    ],
    "left_elbow": [
        -0.4478760361671448,
        0.042133983224630356,
        -0.05168779566884041
    ],
    "right_elbow": [
        0.7107677459716797,
        0.03853582963347435,
        -0.0644381046295166
    ],
    "left_wrist": [
        -0.7112553119659424,
        0.042162660509347916,
        -0.06351002305746078
    ],
    "right_wrist": [
        -0.006334424018859863,
        0.27824634313583374,
        -0.008624512702226639
    ],
    "left_index1": [
        0.032475147396326065,
        0.3245546519756317,
        0.06339424103498459
    ],
    "left_index2": [
        -0.03247562795877457,
        0.32455432415008545,
        0.06339309364557266
    ],
    "left_index3": [
        0.8168545365333557,
        0.029950235038995743,
        -0.04338148608803749
    ],
    "left_middle1": [
        0.8501887321472168,
        0.03158992901444435,
        -0.03972797095775604
    ],
    "left_middle2": [
        0.8736850023269653,
        0.028884530067443848,
        -0.039950206875801086
    ],
    "left_middle3": [
        0.8249879479408264,
        0.03268417716026306,
        -0.06839871406555176
    ],
    "left_pinky1": [
        0.8568379282951355,
        0.03310506045818329,
        -0.07284916937351227
    ],
    "left_pinky2": [
        0.8811939358711243,
        0.030574975535273552,
        -0.07728078961372375
    ],
    "left_pinky3": [
        0.7989060878753662,
        0.023787846788764,
        -0.11093402653932571
    ],
    "left_ring1": [
        0.8159040808677673,
        0.022049883380532265,
        -0.12297049164772034
    ],
    "left_ring2": [
        0.8325588703155518,
        0.020031560212373734,
        -0.1341707408428192
    ],
    "left_ring3": [
        0.8126859068870544,
        0.029587341472506523,
        -0.09338030964136124
    ],
    "left_thumb1": [
        0.8422701358795166,
        0.03022642247378826,
        -0.098450668156147
    ],
    "left_thumb2": [
        0.8662087321281433,
        0.027890384197235107,
        -0.10528842359781265
    ],
    "left_thumb3": [
        0.7524940371513367,
        0.018458815291523933,
        -0.03673416003584862
    ],
    "right_index1": [
        0.7696269750595093,
        0.020285893231630325,
        -0.009450554847717285
    ],
    "right_index2": [
        0.7905563712120056,
        0.015541301108896732,
        0.007593479007482529
    ],
    "right_index3": [
        -0.8168534636497498,
        0.02995218336582184,
        -0.043379154056310654
    ],
    "right_middle1": [
        -0.8501881957054138,
        0.031591810286045074,
        -0.03972536325454712
    ],
    "right_middle2": [
        -0.8736844658851624,
        0.028886189684271812,
        -0.03994818776845932
    ],
    "right_middle3": [
        -0.8249879479408264,
        0.03268575668334961,
        -0.0683986097574234
    ],
    "right_pinky1": [
        -0.8568378686904907,
        0.03310475870966911,
        -0.07284995913505554
    ],
    "right_pinky2": [
        -0.8811937570571899,
        0.030574694275856018,
        -0.07728245109319687
    ],
    "right_pinky3": [
        -0.7989089488983154,
        0.023787857964634895,
        -0.11093457043170929
    ],
    "right_ring1": [
        -0.8159067034721375,
        0.02204962633550167,
        -0.12296945601701736
    ],
    "right_ring2": [
        -0.8325610160827637,
        0.020030971616506577,
        -0.13416989147663116
    ],
    "right_ring3": [
        -0.812687337398529,
        0.029588887467980385,
        -0.09338124096393585
    ],
    "right_thumb1": [
        -0.8422709703445435,
        0.030227623879909515,
        -0.09845037758350372
    ],
    "right_thumb2": [
        -0.8662096858024597,
        0.027890866622328758,
        -0.1052892655134201
    ],
    "right_thumb3": [
        -0.7524926066398621,
        0.01845727674663067,
        -0.03673249110579491
    ],
    "jaw": [
        -0.7696245312690735,
        0.020284811034798622,
        -0.009449455887079239
    ],
    "left_eye_smplhf": [
        -0.7905546426773071,
        0.015541699714958668,
        0.007593970745801926
    ],
    "right_eye_smplhf": [
        5.814384280711238e-07,
        0.2896321713924408,
        0.11686836183071136
    ]
}