{
    "root": [
        0.0,
        0.0,
        0.0
    ],
    "pelvis": [
        0.003123261034488678,
        -0.012036549858748913,
        -0.3514074683189392
    ],
    "left_hip": [
        0.06131266802549362,
        0.013964633457362652,
        -0.44417089223861694
    ],
    "left_knee": [
        0.11600811779499054,
        0.02336070127785206,
        -0.8229243159294128
    ],
    "left_ankle": [
        0.07255466282367706,
        0.05523664504289627,
        -1.2259838581085205
    ],
    "left_foot": [
        0.11981197446584702,
        -0.06297968327999115,
        -1.2839810848236084
    ],
    "right_hip": [
        -0.06014421582221985,
        0.009213821031153202,
        -0.4553154706954956
    ],
    "right_knee": [
        -0.10435418039560318,
        0.026037704199552536,
        -0.8176955580711365
    ],
    "right_ankle": [
        -0.08893737196922302,
        0.04622996971011162,
        -1.2284233570098877
    ],
    "right_foot": [
        -0.1277497559785843,
        -0.07281902432441711,
        -1.2867517471313477
    ],
    "spine1": [
        0.0003605654928833246,
        0.015581083483994007,
        -0.2415168434381485
    ],
    "spine2": [
        0.009808262810111046,
        0.02152106538414955,
        -0.10966360569000244
    ],
    "spine3": [
        -0.0015221508219838142,
        -0.006925830617547035,
        -0.057428453117609024
    ],
    "neck": [
        -0.013686612248420715,
        0.024689508602023125,
        0.10773861408233643
    ],
    "head": [
        0.011166173964738846,
        0.0035888608545064926,
        0.2685626149177551
    ],
    "jaw": [
        -0.004870817065238953,
        0.009131284430623055,
        0.2680807113647461
    ],
    "left_eye_smplhf": [
        0.03159928321838379,
        -0.062195174396038055,
        0.31083211302757263
    ],
    "right_eye_smplhf": [
        -0.031599871814250946,
        -0.0621943399310112,
        0.3108319342136383
    ],
    "left_collar": [
        0.04484200477600098,
        0.00029465043917298317,
        0.027515273541212082
    ],
    "left_shoulder": [
        0.16408103704452515,
        0.015755590051412582,
        0.08524329960346222
    ],
    "left_elbow": [
        0.4182038903236389,
        0.058214444667100906,
        0.013092778623104095
    ],
    "left_wrist": [
        0.6701906323432922,
        0.06068652495741844,
        0.03631400689482689
    ],
    "left_index1": [
        0.772092342376709,
        0.04133538529276848,
        0.02762586623430252
    ],
    "left_index2": [
        0.8040409684181213,
        0.03832494840025902,
        0.0298441294580698
    ],
    "left_index3": [
        0.8265857696533203,
        0.03827036917209625,
        0.027494046837091446
    ],
    "left_middle1": [
        0.7795881628990173,
        0.06466733664274216,
        0.029986336827278137
    ],
    "left_middle2": [
        0.8101993203163147,
        0.0686899945139885,
        0.03079374134540558
    ],
    "left_middle3": [
        0.833714485168457,
        0.07280419766902924,
        0.028784997761249542
    ],
    "left_pinky1": [
        0.7542376518249512,
        0.10443614423274994,
        0.021774668246507645
    ],
    "left_pinky2": [
        0.7697081565856934,
        0.11643556505441666,
        0.020643096417188644
    ],
    "left_pinky3": [
        0.7852416038513184,
        0.12765254080295563,
        0.018978528678417206
    ],
    "left_ring1": [
        0.7676345109939575,
        0.08803117275238037,
        0.027046367526054382
    ],
    "left_ring2": [
        0.7956816554069519,
        0.09329713881015778,
        0.028531832620501518
    ],
    "left_ring3": [
        0.8185034990310669,
        0.1003914400935173,
        0.02707354724407196
    ],
    "left_thumb1": [
        0.7108263969421387,
        0.03507564216852188,
        0.01833728328347206
    ],
    "left_thumb2": [
        0.7278419137001038,
        0.010097503662109375,
        0.01931309700012207
    ],
    "left_thumb3": [
        0.7483652830123901,
        -0.005425571464002132,
        0.014153541065752506
    ],
    "right_collar": [
        -0.04921708256006241,
        0.006474070250988007,
        0.02691022679209709
    ],
    "right_shoulder": [
        -0.15179483592510223,
        0.019142594188451767,
        0.08043467998504639
    ],
    "right_elbow": [
        -0.4229443669319153,
        0.04560968279838562,
        0.043942198157310486
    ],
    "right_wrist": [
        -0.6722118258476257,
        0.060934871435165405,
        0.03940965235233307
    ],
    "right_index1": [
        -0.7720922827720642,
        0.041334934532642365,
        0.02762679010629654
    ],
    "right_index2": [
        -0.8040405511856079,
        0.03832409530878067,
        0.029844680801033974
    ],
    "right_index3": [
        -0.8265854716300964,
        0.03826868534088135,
        0.02749529667198658
    ],
    "right_middle1": [
        -0.7795881032943726,
        0.0646686926484108,
        0.029987698420882225
    ],
    "right_middle2": [
        -0.8101994395256042,
        0.06869149953126907,
        0.030795183032751083
    ],
    "right_middle3": [
        -0.8337146043777466,
        0.07280556857585907,
        0.028785862028598785
    ],
    "right_pinky1": [
        -0.7542383670806885,
        0.10443777590990067,
        0.021775219589471817
    ],
    "right_pinky2": [
        -0.7697089910507202,
        0.11643654108047485,
        0.020643141120672226
    ],
    "right_pinky3": [
        -0.7852423191070557,
        0.1276528388261795,
        0.018978407606482506
    ],
    "right_ring1": [
        -0.7676351070404053,
        0.08803361654281616,
        0.027047719806432724
    ],
    "right_ring2": [
        -0.7956816554069519,
        0.0932995080947876,
        0.028532912954688072
    ],
    "right_ring3": [
        -0.818503737449646,
        0.10039224475622177,
        0.027074122801423073
    ],
    "right_thumb1": [
        -0.7108249068260193,
        0.035073526203632355,
        0.01833522506058216
    ],
    "right_thumb2": [
        -0.7278403043746948,
        0.01009594276547432,
        0.0193113274872303
    ],
    "right_thumb3": [
        -0.7483658194541931,
        -0.005425604991614819,
        0.01415412500500679
    ]
}